airline_id,icao,callsign,airline_name,HQ,include,notes
Q5,,,40 Mile Air,,no,
AQ,,,9 Air,,no,
AN,,,Advanced Air,,no,
A3,AEE,AEGEAN,Aegean Airlines,Athens,yes,
AER,,,Aer Arann Islands,,no,
EI,EIN,SHAMROCK,Aer Lingus,Dublin,yes,
RF,,,Aero K,,no,
KA,,,Aero Nomad,,no,
SU,AFL,AEROFLOT,Aeroflot,Moscow,yes,
XZ,,,AeroItalia,,no,
AR,ARG,ARGENTINA,Aerolineas Argentinas,Buenos Aires,yes,
A8,,,Aerolink Uganda Ltd,,no,
AM,AMX,AEROMEXICO,Aeromexico,Mexico City,yes,
M0,,,AeroMongolia,,no,
V5,,,Aerovias DAP,,no,
AW,,,Africa World Airlines Limited,,no,
XU,,,African Express Airways,,no,
J7,,,Afrijet,,no,
8U,,,Afriqiyah Airways,,no,
ZB,,,Air Albania,,no,defunct in 2025
AH,DAH,AIR ALGERIE,Air Algerie,Algiers,yes,
3S,,,Air Antilles,,no,
G9,ABY,ARABIA,Air Arabia,Sharjah,yes,
3L,,,Air Arabia Abu Dhabi,,no,
E5,,,Air Arabia Egypt,,no,
3O,,,Air Arabia Maroc,,no,
KC,KZR,ASTANALINE,Air Astana,Almaty,yes,
2A,,,Air Astra,,no,
UU,,,Air Austral,,no,
BT,BTI,AIR BALTIC,Air Baltic,Riga,yes,
KF,,,Air Belgium,,no,
BP,,,Air Botswana,,no,
2J,,,Air Burkina,,no,
BX,,,Air Busan,,no,? Third largest low cost in korea; subsidiary of Asiana
SM,,,Air Cairo,,no,subsidiary of Egyptair
TY,,,Air Caledonie,,no,
AC,ACA,AIR CANADA,Air Canada,Montreal,yes,
TX,,,Air Caraibes,,no,? Guadeloupe
Y2,,,Air Century,,no,
9H,,,Air Changan,,no,? Small china
3C,,,Air Chathams,,no,
CA,CCA,AIR CHINA,Air China,Beijing,yes,
DV,,,Air Company Scat,,no,
XK,,,Air Corsica,,no,small french
HF,VRE,COTE D'IVOIRE,Air Cote Ivoire,Abidjan,yes,"? Could leave out, small"
YN,,,Air Creebec (1994) Inc.,,no,
DJ,,,Air Djibouti,,no,
EN,,,Air Dolomiti,,no,
UX,AEA,EUROPA,Air Europa,Madrid,yes,
X4,,,"Air Excursions, LLC",,no,
AF,AFR,AIRFRANS,Air France,Paris,yes,
GL,,,Air Greenland,,no,? small
GT,,,Air Guilin,,no,
AI,AIC,AIRINDIA,Air India,Delhi,yes,
IX,,,Air India Express,,no,
9I,,,Air India Regional,,no,
3H,,,Air Inuit,,no,
NQ,,,Air Japan,,no,defunct in 2026
K7,,,Air KBZ,,no,
IK,,,Air Kiribati,,no,
JS,,,Air Koryo,,no,north korea?
NX,AMU,AIR MACAU,Air Macau,Macau,yes,
MD,,,Air Madagascar,,no,
ZM,,,Air Manas,,no,
MK,,,Air Mauritius,,no,
MV,,,Air Mediterranean,,no,
4O,,,Air Montenegro,,no,
NZ,ANZ,NEW ZEALND,Air New Zealand,Auckland,yes,
PX,ANG,Air Niugini,Air Niugini,Port Moresby,yes,"? Could leave out, small"
4N,,,Air North,,no,
7P,,,Air Panama,,no,
P4,APK,PEACE BIRD,Air Peace,Lagos,yes,
YP,,,Air Premia,,no,
GZ,,,Air Rarotonga,,no,
PJ,,,Air Saint-Pierre,,no,
9S,,,Air Samarkand,,no,
HC,SZN,SENSA,Air Senegal,Dakar,yes,
RS,,,Air Seoul,,no,
JU,ASL,AIR SERBIA,Air Serbia,Belgrade,yes,
HM,,,Air Seychelles,,no,
PF,,,Air Sial,,no,
4D,,,Air Sinai,,no,
VT,,,Air Tahiti,,no,
TN,,,Air Tahiti Nui,,no,
TC,,,Air Tanzania,,no,? Small african
ST,,,Air Thanlwin,,no,
8T,,,Air Tindi Ltd,,no,
TS,,,Air Transat A.T.Inc.,,no,
A6,,,Air Travel,,no,
NF,,,Air Vanuatu,,no,
UM,,,Air Zimbabwe,,no,
AK,AXM,RED CAP,AirAsia,Kuala Lumpur,yes,
KT,,,AirAsia Cambodia,,no,
D7,,,AirAsia X,,no,
PA,,,AirBlue,,no,
SB,,,Aircali,,no,
ED,,,AirExplore,,no,
P2,,,AirKenya Express,,no,
Y7,,,Airline Tajmyr,,no,
CG,,,Airlines Of Papua New Guinea,,no,
4Z,LNK,LINK,Airlink,Johannesburg,yes,? Regional
TL,,,Airnorth Regional,,no,
T6,,,AirSWIFT,,no,
PNX,,,AIS Airlines,,no,
QP,AKJ,AKASA AIR,Akasa Air,Mumbai,yes,
6L,,,Aklak Air,,no,
AS,ASA,ALASKA,Alaska Airlines,Seattle,yes,
J5,,,Alaska Seaplane Service L.L.C.,,no,
DQ,,,Alexandria Airlines,,no,
NH,ANA,ALL NIPPON,All Nippon Airways,Tokyo,yes,
G4,AAY,ALLEGIANT,Allegiant Air,Las Vegas,yes,
QQ,UTY,UNITY,Alliance Airlines,Brisbane,no,? Medium size in australia
UJ,,,AlMasria Universal Airlines,,no,
6R,,,ALROSA,,no,
6I,,,Alsie Express,,no,
MZ,,,Amakusa Airlines,,no,
Z8,,,Amaszonas,,no,
AEH,,,Amelia International,,no,
AA,AAL,AMERICAN,American Airlines,Dallas,yes,
OY,,,Andes Lineas Aereas,,no,
2G,,,Angara Airlines,,no,
Q3,,,Anguilla Air Services,,no,
A2,,,Animawings,,no,
DM,,,Arajet,,no,? DR small
FG,,,Ariana Afghan Airlines,,no,
W3,,,Arik Air,,no,
IZ,,,Arkia - Israeli Airlines,,no,
RM,,,Armenia Aircompany,,no,
AG,,,Aruba Airlines,,no,
OZ,AAR,ASIANA,Asiana Airlines,Seoul,yes,
KP,,,ASKY,,no,
I3,,,ATA Airlines,,no,
RC,,,Atlantic Airways Faroe Islands,,no,
TD,,,Atlantis European Airways,,no,
UH,,,AtlasGlobal Ukraine,,no,
KK,,,Atlasjet Airlines,,no,
GR,,,Aurigny Air Services,,no,
HZ,,,Aurora,,no,
OS,,,Austrian Airlines AG dba Austrian,,no,
XP,VXP,AVELO,AVELO Airlines,Houston,yes,
YK,,,Avia Traffic Company,,no,
AV,AVA,AVIANCA,Avianca,Bogota,yes,
LR,,,Avianca Costa Rica,,no,
2K,,,Avianca Ecuador,,no,
TA,,,Avianca El Salvador,,no,
WC,,,Avianca Honduras,,no,
X9,,,Avion Express,,no,
9V,,,Avior Airlines,,no,
J2,AHY,AZAL,Azerbaijan Airlines,Baku,yes,
A4,,,Azimuth,,no,
ZQ,,,Azman Air,,no,
AD,AZU,AZUL,Azul Airlines,Sao Paulo,yes,
QU,,,Azur Air Ukraine,,no,
J4,,,Badr Airlines,,no,
UP,,,Bahamasair,,no,
QH,,,Bamboo Airways,,no,
PG,,,Bangkok Airways,,no,
5B,,,Bassaka Air,,no,
ID,,,Batik Air,,no,
OD,,,Batik Air,,no,
JV,,,Bearskin Lake Air Services LP,,no,
7B,,,Bees Airlines,,no,
JD,CBJ,CAPITAL JET,Beijing Capital Airlines,Beijing Daxing,no,"subsidiary of hainan, 82 fleet"
B2,,,Belavia,,no,
B4,,,Beond,,no,
8E,,,Bering Air,,no,
J8,,,Berjaya Air,,no,
NB,,,Berniq Airways,,no,
B3,,,Bhutan Airlines,,no,
BG,,,Biman Bangladesh Airlines,,no,
NT,,,Binter Canarias,,no,
SI,,,Blue Islands,,no,
BZ,,,Bluebird Airways,,no,
OB,,,Boliviana de Aviacion - BoA,,no,
4B,,,Boutique Air,,no,
TF,,,Braathens Regional AB,,no,
MX,MXY,MOXY,Breeze Air,?,yes,
BA,BAW,SPEEDBIRD,British Airways,LHR,yes,
SN,BEL,BEE-LINE,Brussels Airlines,Zaventem (brussels),yes,
RP,,,Budapest Aircraft Service,,no,
U4,,,Buddha Air,,no,
FB,LXB,FLYING BULGARIA,Bulgaria Air,Sofia,no,? Flag carrier 
UZ,,,Buraq Air,,no,
XV,,,BVI Airways,,no,
9Q,,,Caicos Express Airways,,no,
A7,,,Calafia Airlines,,no,
MO,,,Calm Air Intl Ltd,,no,
QC,,,Camair-Co,,no,
KR,,,Cambodia Airways,,no,
K6,,,Cambodia Angkor Air,,no,
5T,,,Canadian North,,no,
PM,,,CANARY FLY,,no,
9K,,,Cape Air,,no,
BW,,,Caribbean Airlines,,no,? Flag carrier of jamaica
V3,,,Carpatair,,no,
IV,,,Caspian Airlines,,no,
CX,CPA,CATHAY,Cathay Pacific Airways,Hong Kong,yes,
KX,,,Cayman Airways,,no,
DG,,,Cebgo,,no,
5J,CEB,CEBU,Cebu Pacific Air,Cebu,yes,
C2,,,CEIBA Intercontinental,,no,
5Z,,,CemAir,,no,
9M,,,Central Mountain Air Ltd.,,no,
C6,,,Centrum Air,,no,
CS,,,Chair Airlines,,no,
CE,,,Chalair,,no,
6Q,,,Cham Wings Airlines,,no,
EU,UEA,UNITED EAGLE,Chengdu Airlines,Chengdu,yes,?
CI,CAL,DYNASTY,China Airlines,Taipei,yes,
MU,CES,CHINA EASTERN,China Eastern Airlines,Shanghai,yes,
G5,HXA,CHINA EXPRESS,China Express Airlines,Chongqing,yes,
CZ,CSN,CHINA SOUTHERN,China Southern Airlines,Guangzhou,yes,
KN,,,China United Airlines,,no,subsidiar of China Eastern
PN,CHB,WEST CHINA,China West Air,Chongqing,yes,
OQ,,,Chongqing Airlines,,no,subsidiary of China southern
C7,,,Cinnamon Air,,no,
QG,,,Citilink Indonesia,,no,subsidiary of garuda
E8,,,City Airways,,no,
WX,,,Cityjet,,no,
CC,,,CM Airlines,,no,
GY,,,Colorful Guizhou Airlines,,no,
BU,,,Compagnie Africaine d,,no,
DE,,,Condor Flugdienst,,no,
8Z,,,Congo Airways,,no,
LF,,,Contour Airlines,,no,
V0,VCV,CONVIASA,Conviasa,Caracas,yes,
CM,CMP,COPA,COPA Airlines,Panamac City,yes,
XC,,,Corendon Airlines,,no,
CD,,,Corendon Dutch Airlines,,no,
SS,,,Corsair,,no,
OU,CTN,CROATIA,Croatia Airlines,Zagreb,yes,
C8,,,Cronos Airlines,,no,
FQ,,,Crown Airlines,,no,
CU,,,Cubana,,no,? Very small
CY,,,Cyprus Airways,,no,
OK,,,Czech Airlines,,no,now smartwings
D3,,,Daallo Airlines,,no,
DA,,,Daily Air,,no,
DN,,,Dan Air,,no,
9J,,,Dana Air,,no,
DX,,,Danish Air Transport,,no,
DL,DAL,DELTA,Delta Air Lines,Atlanta,yes,
HS,,,DirektFlyg,,no,
Z6,,,Dnieproavia Joint Stock Aviation Co,,no,
DZ,,,Donghai Airlines,,no,small china
KB,,,Druk Air,,no,
ZE,,,Eastar Jet,,no,
T3,,,Eastern Airways,,no,
VE,,,Easyfly,,no,
U2,EZY,EASY,EasyJet,London Luton,yes,
8J,,,Ecojet,,no,
WK,EDW,EDELWEISS,Edelweiss Air,Zurich,yes,?
MS,MSR,EGYPTAIR,Egyptair,Cairo,yes,
LY,ELY,ELAL,El Al Israel Airlines,Tel Aviv,yes,
7Q,,,Elite Airways,,no,
EK,UAE,EMIRATES,Emirates,Dubai,yes,
9E,,,Endeavor Air,,no,delta subsidiary
E7,,,Equaflight,,no,
7H,,,Era Aviation,,no,
B8,,,Eritrean Airlines,,no,
ES,,,Estelar Latinoamerica,,no,
ET,ETH,ETHIOPIAN,Ethiopian Airlines,Addis Ababa,yes,
EY,ETD,ETIHAD,Etihad Airways,Abu Dhabi,yes,
YU,,,EuroAtlantic Airways,,no,
EW,EWG,EUROWINGS,Eurowings,Dusseldorf,yes,
4Y,,,Eurowings Discover,,no,
E2,,,Eurowings Europe,,no,
BR,EVA,EVA,EVA Airways,Taipei,yes,
E9,,,Evelop Airlines,,no,
X7,,,ExecAir,,no,
MG,,,Eznis Airways,,no,
FE,,,Far Eastern Air Transport,,no,
FN,,,Fastjet,,no,
FJ,,,Fiji Airways,,no,
AY,FIN,FINNAIR,Finnair,Helsinki,yes,
FY,,,Firefly,,no,
8D,,,FitsAir,,no,
F8,,,Flair Airlines,,no,
YS,,,Flightlink,,no,
8W,,,Fly All Ways,,no,
IF,,,Fly Baghdad,,no,
FCC,,,Fly Coporate,,no,
9P,,,Fly Jinnah,,no,
FL,,,Fly Lili,,no,
5F,,,Fly One,,no,
YI,,,Fly OYA,,no,
5H,,,Fly540,,no,
F5,,,Fly540 S.A,,no,
F3,,,Flyadeal,,no,
FO,,,Flybondi,,no,
FZ,FDB,SKYDUBAI,flydubai,Dubai,yes,
UBD,,,FlyErbil,,no,
VP,,,Flyme Villa Air,,no,
5M,,,FlyMontserrat,,no,
XY,,,Flynas,,no,
3F,,,FlyOne Armenia,,no,
FP,,,FlyPelican,,no,
FA,,,FlySafairj,,no,
F6,,,FlyValan,,no,
4F,,,Freedom Airline Express,,no,
BF,,,French Bee,,no,
F9,FFT,FRONTIER FLIGHT,Frontier Airlines,Denver,yes,
JH,,,Fuji Dream Airlines,,no,
FU,,,Fuzhou Airlines,,no,
GA,GIA,INDONESIA,Garuda Indonesia,Jakarta,yes,
4G,,,Gazpromavia,,no,
9D,,,Genghis Khan Airlines,,no,
A9,,,Georgian Airways,,no,
4U,,,germanwings,,no,subsidiary of eurowings
NJ,,,Ghadames Air Transport,,no,
G3,GLO,GOL,GOL Airlines,Rio,yes,
CN,,,Grand China Air,,no,
GV,,,"Grant Aviation, Inc.",,no,
DW,,,Great Dane Airlines,,no,
HB,,,Greater Bay Airlines,,no,
Q9,,,Green Africa Airways,,no,
3R,,,Gromov Air,,no,
GF,GFA,GULF AIR,Gulf Air,Bahrain,yes,
GX,,,GX Airlines,,no,
HR,,,Hahn Air,,no,
HU,CHH,HAINAN,Hainan Airlines,Haikou,yes,
HA,ASA,ALASKA,Hawaiian Airlines,Honolulu,yes,technically subsidiary of Alaska
BH,,,Hawkair,,no,
NS,,,Hebei Airlines,,no,? Small china
HBR,,,Hebridean Air Services,,no,
YO,,,Heli Air Monaco,,no,
JB,,,Helijet International Inc,,no,
H9,,,Himalaya Airlines,,no,
H4,,,HiSky,,no,
H7,,,HiSky Moldova,,no,
HD,,,Hokkaido International Airlines,,no,
HX,CRK,BAUHINIA,Hong Kong Airlines,Hong Kong,yes,
UO,,,Hong Kong Express Airways,,no,
A5,,,HOP!,,no,
MR,,,Hunnu Air,,no,
IB,IBE,IBERIA,Iberia,Madrid,yes,
FW,,,IBEX Airlines,,no,
QI,,,Ibom Air,,no,
FI,ICE,ICEAIR,Icelandair,Reykjavik,yes,
6E,IGO,IFLY,IndiGo Air,Delhi,yes,
QZ,,,Indonesia AirAsia,,no,
D6,,,Inter Air,,no,
JY,,,InterCaribbean Airways,,no,
IO,,,IrAero,,no,
IR,IRA,IRANAIR,Iran Air,Tehran,yes,
B9,,,Iran Air Tours,,no,
EP,,,Iran Aseman Airlines,,no,
IA,IAW,IRAQI,Iraqi Airways,Baghdad,yes,
2O,,,Island Air Service,,no,
IOS,,,Isles of Scilly Skybus,,no,
6H,,,Israir,,no,
AZ,ITY,ITARROW,ITA,Rome,yes,
I8,,,Izhavia,,no,
JM,,,Jambojet,,no,
JL,JAL,JAPAN AIR,Japan Airlines,Tokyo,yes,
NU,,,Japan Transocean Air,,no,
J9,,,Jazeera Airways,,no,
7C,JJA,JEJU AIR,Jeju Airlines,Jeju,yes,
JZ,,,JerSMART Peru,,no,
9W,,,Jet Airways (India) Ltd,,no,
LS,EXS,CHANNEX,Jet2.com,Leeds,yes,
B6,JBU,JETBLUE,Jetblue Airways Corporation,JFK,yes,
JA,JAT,ROCKSMART,JetSMART,Santiago,yes,
WJ,,,JetSMART Argentina,,no,
JQ,JST,JETSTAR,Jetstar Airways,Melbourne,yes,technically a subsidiary of qantas
GK,,,Jetstar Japan,,no,
WU,,,Jetways Airlines,,no,
RY,,,Jiangxi Air,,no,
LJ,,,Jin Air,,no,
JN,,,Jonair,,no,
R5,,,Jordan Aviation,,no,
3J,,,Jubba Airways,,no,
HO,,,Juneyao Airlines,,no,
RQ,,,Kam Air,,no,
K8,,,Kan Air,,no,
U5,,,Karinou Airlines,,no,
NV,,,Karun Airlines,,no,
M5,,,Kenmore Air,,no,
4K,,,Kenn Borek Air,,no,
KQ,KQA,KENYA,Kenya Airways,Nairobi,yes,
KG,,,Key Lime Air,,no,
KL,KLM,KLM,KLM-Royal Dutch Airlines,Amsterdam,yes,
KM,,,KM Malta Airlines,,no,
KO,,,Komiaviatrans,,no,
KW,,,Korea Express Air,,no,
KE,KAL,KOREAN AIR,Korean Air,Seoul,yes,
KV,,,Krasavia,,no,
KY,,,Kunming Airlines,,no,? Small china
KU,KAC,KUWAITI,Kuwait Airways,Kuwait,yes,? Small
B0,,,La Compagnie,,no,
LC,,,La Costena,,no,
TM,,,LAM-Linhas Aereas de Mocambique,,no,
4M,,,LanArgentina,,no,LATAM now
QV,,,Lao Airlines,,no,
LK,,,Lao Skyway,,no,
QL,,,Laser Airlines,,no,
LA,LAN,LAN CHILE,LATAM,Santiago,yes,merge these?
JJ,,,LATAM Brasil,,no,
XL,,,LATAMEcuador,,no,
OE,,,Laudemotion,,no,
LN,,,Libyan Airlines,,no,
YL,,,Libyan Wings,,no,
GE,,,Lift,,no,
JT,LNI,LION INTER,Lion Air,Jakarta,yes,
LM,,,Loganair,,no,
LT,,,Longjiang Airlines,,no,
GJ,,,Loong Air,,no,
LO,LOT,LOT,LOT - Polish Airlines,Warsaw,yes,
8L,,,Lucky Air Co. Ltd.,,no,
LH,DLH,LUFTHANSA,Lufthansa,Frankfurt,yes,
VL,,,Lufthansa City,,no,
L9,,,Lumiwings,,no,
LG,,,Luxair,,no,? Luxembourg
W5,,,Mahan Air,,no,
3W,,,Malawian Airlines,,no,
MH,MAS,MALAYSIAN,Malaysia Airlines,Kuala Lumpur,yes,
Q2,,,Maldivian,,no,
AE,,,Mandarin Airlines,,no,
7Y,,,Mann Yadanarpon Airlines,,no,
NR,,,Manta Air,,no,
M1,,,MAP Linhas Aereas,,no,
DI,,,Marabu,,no,
MY,,,MASwings,,no,
L6,,,Mauritanian Airlines International,,no,
VM,,,Max Air,,no,
2M,,,Maya Island Air,,no,
7M,,,"Mayair, S.A. de C.V.",,no,
BM,,,Medsky Airways,,no,
JI,,,Meraj Air,,no,
YV,,,Mesa Airlines,,no,
OM,,,MIAT - Mongolian Airlines,,no,
ME,,,Middle East Airlines,,no,
M4,,,Mistral Air,,no,
MW,,,Mokulele Airlines,,no,
M9,,,Motor Sich PJSC,,no,
3E,,,"Multi-Aero, Inc. d/b/a Air Choice One",,no,
8M,,,Myanmar Airways International,,no,
UB,,,Myanmar National Airlines,,no,
MJ,,,Myway Airlines ,,no,
IN,,,NAM Air,,no,
UE,,,Nasair,,no,
ON,,,Nauru Airlines,,no,
NO,,,Neos,,no,
RA,,,Nepal Airlines Corporation,,no,
NE,,,Nesma Airlines,,no,
2N,,,NG Eagle,,no,
NP,,,Nile Air,,no,
DD,,,Nok Air,,no,
N7,,,Nordic Regional Airlines,,no,
N4,,,Nordwind Airlines,,no,
N0,,,Norse Atlantic Airways,,no,
J3,,,Northwestern Air Lease Ltd.,,no,
HW,,,North-Wright Airways,,no,
DY,,,Norwegian Air Shuttle,,no,
BJ,,,Nouvelair,,no,
O9,,,Nova Airways,,no,
VQ,,,NovoAir,,no,
OJ,,,NyxAir,,no,
BK,,,Okay Airways,,no,
OA,,,Olympic Air,,no,
WY,OMA,OMAN AIR,Oman Air,Muscat,yes,
OX,,,Orient Thai Airlines,,no,
OC,,,"Oriental Air Bridge Co., Ltd. (ORC)",,no,
OF,,,Overland Airways,,no,
BL,,,Pacific Airlines,,no,
8P,,,Pacific Coastal Airlines Limited,,no,
LW,,,Pacific Wings,,no,
PK,PIA,PAKISTAN,Pakistan International Airlines,Karachi,yes,
2P,,,PAL Express,,no,
8Y,,,Pan Pacific Airlines,,no,
ZP,,,Paranair,,no,
P6,,,Pascan Aviation Inc.,,no,
2Z,,,Passaredo Linhas Aereas,,no,
OP,,,PassionAir,,no,
7N,,,PAWA Dominicana,,no,
MM,,,Peach Aviation Limited,,no,
EO,,,Pegas Fly,,no,
PC,PGT,SUNTURK,Pegasus Airlines,Pendik,yes,
IP,,,Pelita Air,,no,
KS,,,PenAir,,no,
PE,,,People's,,no,
PR,PAL,PHILLIPINE,Philippine Airlines,Manila,yes,
Z2,,,Philippines AirAsia,,no,
PU,,,Plus Ultra Lineas Aereas,,no,
Z3,,,PM Air LLC,,no,
DP,,,Pobeda,,no,
HP,,,PopulAir,,no,
PD,,,Porter Airlines Inc.,,no,
PW,,,Precisionair,,no,
P0,,,Proflight Commuter Services,,no,
PB,,,Provincial Airlines,,no,
VIT,,,PT Aviastar Mandiri,,no,
IL,,,PT Trigana Air,,no,
P1,,,PublicCharters.com,,no,
ZR,,,Punto Azul,,no,
HH,,,Qanot Sharq,,no,
QF,QFA,QANTAS,Qantas Airways,Sydney,yes,
QR,QTR,QATARI,Qatar Airways,Doha,yes,
IQ,,,Qazaq Air,,no,
QB,,,Qeshm Airline,,no,
QW,QDA,SKY LEGEND,Qingdao Airlines,,no,? Small china
R4,,,Rano Air,,no,
L5,,,RED Air,,no,
WZ,,,Red Wings Airlines,,no,
RX,,,Regent Airways,,no,
ZL,,,Regional Express,,no,
M2,,,Rhein-Neckar Air,,no,
FV,,,Rossiya Airlines,,no,
RG,,,Rotanajet Aviation,,no,
AT,,,Royal Air Maroc,,no,
BI,RBA,BRUNEI,Royal Brunei Airlines,Brunei,no,? Small
RJ,RJA,JORDANIAN,Royal Jordanian,Amman,yes,
RW,,,Royalair Philippines,,no,
DR,,,Ruili Airlines,,no,
7R,,,RusLine,,no,
5R,,,RUTACA,,no,
WB,,,Rwandair,,no,
7S,,,Ryan Air,,no,
FR,RYR,RYANAIR,Ryanair,Dublin London Stansted,yes,
S7,,,S7 Airlines,,no,
F2,,,SafariLink,,no,
4Q,,,Safi Airways,,no,
PV,,,Saint Barth Commuter,,no,
OV,,,Salam Air,,no,
RZ,,,SANSA Airlines,,no,
S2,,,Sapsan Airline,,no,
6W,,,Saratov Airlines,,no,
SK,SAS,SCANDINAVIAN,SAS Scandinavian Airlines,Copenhagen,yes,
SP,,,SATA Air Acores,,no,
S4,,,SATA International,,no,
9R,,,Satena,,no,
SV,SVA,SAUDIA,Saudi Arabian Airlines,Jeddah,yes,
6S,,,SaudiGulf Airlines,,no,
YR,,,Scenic Airlines,,no,
TR,TGW,SCOOTER,Scoot,Singapore,yes,
BB,,,Seaborne Airlines,,no,
IS,,,Sepehran Airlines,,no,
ER,,,Serene Air,,no,
D2,,,Severstal Aircompany,,no,
SC,CDG,SHANDONG,Shandong Airlines,Jinan,yes,
FM,,,Shanghai Airlines,,no,subsidiary of china eastern
SH,,,Sharp Airlines,,no,
ZH,CSZ,SHENZHEN AIR,Shenzhen Airlines,Shenzhen,yes,
5G,,,Shirak Avia,,no,
N9,,,Shree Airlines,,no,
3U,CSC,SICHUAN,Sichuan Airlines,Chengdu,yes,
US,,,Silkavia,,no,
RMK,,,Simrik Airlines,,no,
SQ,SIA,SINGAPORE,Singapore Airlines,Singapore,yes,
H2,,,Sky Airline,,no,
BQ,,,Sky Alps,,no,
ZA,,,Sky Angkor Airlines,,no,
GQ,,,Sky Express S.A.,,no,
DO,,,Sky High,,no,
ML,,,Sky Mali,,no,
SX,,,Sky Work Airlines,,no,
Q7,,,SkyBahamas,,no,
BC,,,Skymark Airlines,,no,
TE,,,SkyTaxi,,no,
QN,,,Skytrans,,no,
PQ,,,Skyup,,no,
OW,,,Skyward Express,,no,
5N,,,Smartavia,,no,
6Y,,,SMARTLYNX AIRLINES Ltd,,no,
QS,TVS,SKYTRAVEL,SmartWings,Prague,yes,
6J,,,Solaseed Air,,no,
IE,,,Solomon Airlines,,no,
SZ,,,Somon Air,,no,
S8,,,Sounds Air,,no,
SA,SAA,SPRINGBOK,South African Airways,Johannesburg,yes,
PL,,,Southern Air Charter,,no,
WN,SWA,SOUTHWEST,Southwest Airlines,Dallas Love,yes,
SG,,,SpiceJet,,no,
NK,NKS,SPIRIT WINGS,Spirit Airlines,Miami,yes,
9C,CQH,AIR SPRING,Spring Airlines,Shanghai,yes,
IJ,,,Spring Airlines Japan,,no,
UL,,,SriLankan Airlines,,no,
SJ,,,Sriwijaya Air,,no,
S5,,,Star Air,,no,
7G,,,Star Flyer,,no,
2I,,,Star Peru,,no,
JX,SJX,STARWALKER,Starlux,Taipei,yes,
8F,,,STP Airways,,no,
SD,,,Sudan Airways,,no,
EZ,,,Sun Air of Scandinavia,,no,
SY,SCX,SUN COUNTRY,Sun Country Airlines,Minneapolis,yes,
SR,,,Sundair,,no,
XQ,,,SunExpress,,no,
2R,,,Sunlight Air,,no,
S6,,,Sunrise Airways,,no,
WG,,,Sunwing,,no,
Y8,,,Suparna Airlines,,no,
IU,,,Super Air Jet,,no,
PY,,,Surinam Airways,,no,
LX,SWR,SWISS,SWISS,Zurich,yes,
RB,,,Syrian Air,,no,
DT,,,TAAG Angola Airlines,,no,
VR,,,TACV Cabo Verde Airlines,,no,
5U,,,TAG Airlines,,no,
4E,,,Tanana Air Service,,no,
TP,TAP,AIR PORTUGAL,TAP Portugal,Lisbon,yes,
K3,,,Taquan Air Services,,no,
YQ,,,TAR Aerolineas,,no,
3T,,,Tarco Air,,no,
RO,,,Tarom,,no,
TRV,,,Taron Avia,,no,
SF,,,Tassili Airlines,,no,
K9,,,TezJet Air Company,,no,
TEZ,,,TezJet Airlines,,no,
FD,,,Thai AirAsia,,no,
XJ,,,Thai AirAsia X,,no,
TG,THA,THAI,Thai Airways International,Bangkok,yes,
SL,,,Thai Lion Air,,no,
9T,,,Thai Summer Airways,,no,
VZ,,,Thai Vietjet Air,,no,
TCX,,,Thomas Cook Airlines,,no,
DK,,,Thomascook Scandinavia,,no,
GS,,,TianJin Airlines,,no,
3P,,,Tiara Air Aruba,,no,
TV,,,Tibet Airlines,,no,
IT,,,Tigerair Taiwan,,no,
C3,,,Trade Air,,no,
TJ,,,Tradewind Aviation,,no,
Q8,,,Trans Air Congo,,no,
HV,,,transavia.com,,no,subsidiary of KLM
TO,,,Transavia.com France,,no,
8B,,,TransNusa,,no,
VW,,,Transportes Aeromar S.A. de C.V.,,no,
9N,,,Tropic Air,,no,
BY,TOM,TOMJET,TUI Airways,Luton,yes,
TB,,,TUI fly Belgium,,no,
OR,,,TUI fly Netherlands,,no,
X3,,,TUIfly,,no,
TU,TAR,TUNAIR,Tunisair,Tunis,yes,
UG,,,TunisAir Express,,no,
TK,THY,TURKISH,Turkish Airlines,Istanbul,yes,
T5,,,Turkmenistan Airlines,,no,
T9,,,Turpial Airlines,,no,
U8,,,Tus Airways,,no,
TW,,,T'way air,,no,
T7,,,Twin Jet,,no,
UR,,,Uganda Airlines,,no,
PS,,,Ukraine International Airlines,,no,
UJC,,,Ultimate Air Shuttle,,no,
B7,,,UNI Airways,,no,
UA,UAL,UNITED,United Airlines,Chicago,yes,
UN,,,United Nigeria Airlines,,no,
CQ,,,Unity Air,,no,
UD,,,UR Airlines,,no,
U6,,,Ural Airlines,,no,
UQ,,,Urumqi Air,,no,
BS,,,US-Bangla Airlines,,no,
UT,,,UTAir,,no,
RT,,,UVT Aero,,no,
HY,,,Uzbekistan Airways,,no,
VF,,,Valuair,,no,
0V,,,Vasco - Vietnam Air Services Company,,no,
VNE,,,Venezolana,,no,
VC,,,ViaAir,,no,
V4,,,Vieques Air Link,,no,
VJ,,,VietJet Air,,no,
VN,HVN,VIET NAM AIRLINES,Vietnam Airlines,Ho chi minh,yes,
VU,,,Vietravel Airlines,,no,
VS,VIR,VIRGIN,Virgin Atlantic Airways,LHR,yes,
VA,VOZ,VELOCITY,Virgin Australia,Brisbane,yes,
V2,,,Vision Airlines,,no,
VB,,,VivaAerobus,,no,
Y4,VOI,VOLARIS,Volaris,Mexico City,yes,
Q6,,,Volaris Costa Rica,,no,
N3,,,Volaris El Salvador,,no,
V7,,,Volotea,,no,
VY,,,Vueling Airlines,,no,
EB,,,Wamos Air,,no,
4W,,,Warbelow,,no,
WT,,,Wasaya Airways LP,,no,
WV,,,Westair Aviation,,no,
WST,,,Western Air,,no,
WS,WJA,WESTJET,WestJet,Calgary,yes,
WF,,,Wideroe,,no,
WM,,,Winair,,no,
7W,,,Windrose Airlines,,no,
IW,,,Wings Air,,no,
W6,WZZ,WIZZ AIR,Wizz Air,Budapest,yes,
W9,,,Wizz Air UK,,no,
2W,,,World2Fly,,no,
8V,,,Wright Air Service,,no,
MF,,,Xiamen Airlines,,no,
SE,,,XL Airways France,,no,
R3,,,Yakutia,,no,
YC,,,Yamal Airlines,,no,
YE,,,Yanair,,no,
YH,,,Yangon Airways,,no,
IY,,,Yemenia Yemen Airways,,no,
YT,,,Yeti Airlines,,no,
ZO,,,Zagros Airlines,,no,
Z4,,,Zagrosjet,,no,
ZN,,,Zambia Airways,,no,
ZG,,,Zipair Tokyo,,no,
ZD,,,ZWA Air,,no,
