countryCode,name,openness,gini,,group,group2,lang,lang2,,religion
AF,Afghanistan,1,68.9,5.947,None|,Sunni|,,,,Muslim
AL,Albania,7,68.6,4.567,None|,Sunni|,Albanian|,,,Muslim
DZ,Algeria,5,84.8,4.223,Sunni|,,Arabic|,Francophonie|,,
AS,American Samoa,4,,1,PIF|,,Anglophone|,,,
AO,Angola,3,81.4,3.304,SADC|,,Lusophone|,,,
AI,Anguilla,4,,1,CC|,,Anglophone|,,,
AQ,Antarctica,2,,1,Hispanic|,Antarctic research,Anglophone|,,,
AG,Antigua and Barbuda,5,81.3,1.58,CC|,,Anglophone|,,,
AR,Argentina,7,80.9,2.377,Mercosur|,,Hispanic|,,,
AM,Armenia,7,73.1,3.558,CIS|,,Armenian|,Russian|,,
AW,Aruba,7,81.3,1.59,CC|,,Anglophone|,Papiamento|-Dutch|,,
AU,Australia,8,66.2,1.06,PIF|,Loves Bali x2|,Anglophone|,,,
AT,Austria,8,74.2,1.462,EU|,,German|,Anglophone|,,
AZ,Azerbaijan,6,72.6,3.283,CIS|,Shia|-Sunni|,Azerbaijani|,,,Muslim
BS,Bahamas,8,89.5,1.193,CC|,,Anglophone|,,,
BH,Bahrain,7,88.5,2.222,Sunni|,Shia|,Arabic|,,,
BD,Bangladesh,2,75.4,3.858,SASEC|,Sunni|-|SA|Bangladeshi-|AE|Bangladeshi,Bengali|,,,Muslim
BB,Barbados,7,80.5,1.089,CC|,,Anglophone|,,,
BY,Belarus,4,67.2,4.329,CIS|,,Russian|,,,
BE,Belgium,8,59.9,1.467,EU|,,Francophonie|,,,
BZ,Belize,5,83.5,2.142,None|,,Anglophone|,,,
BJ,Benin,3,80,3.455,ECOWAS|,,Francophonie|,,,
BM,Bermuda,9,87,1,CC|,,Anglophone|,,,
BT,Bhutan,6,80,5.323,SASEC|,,,,,
BO,Bolivia,4,80.8,3.145,Comunidad Andina|,,Hispanic|,,,
BA,Bosnia and Herzegovina,6,69.2,2.987,None|,Sunni|,Serbo Croatian|,,,Muslim
BW,Botswana,6,87.9,2.694,SADC|,,Setswana|,,,
BR,Brazil,5,89.2,1.51,Mercosur|,,Lusophone|,,,
BN,Brunei Darussalam,6,89.7,2.558,ASEAN|,Sunni|,Malay|,,,Muslim
BG,Bulgaria,8,70.2,2.419,EU|,,Bulgarian|,,,
BF,Burkina Faso,3,79,3.435,ECOWAS|,Sunni|,Francophonie|,,,Muslim
BI,Burundi,3,70.3,2.713,EAC|,,Rwanda Rundi|,,,
KH,Cambodia,4,78.3,4.932,ASEAN|,,Khmer|,,,
CM,Cameroon,3,83.3,3.562,None|,,Francophonie|,,,
CA,Canada,8,72.6,1.236,NAFTA|,,Anglophone|,,,
CV,Cape Verde,4,79,3.036,ECOWAS|,,,,,
BQ,Caribbean Netherlands,7,81.3,1,CC|,,Dutch|,Papiamento|,,
KY,Cayman Islands,8,85,1,CC|,,Anglophone|,,,
CF,Central African Republic,1,84.5,2.854,None|,,Sango|,,,
TD,Chad,1,77.6,3.95,None|,Sunni|,Arabic|,,,Muslim
CL,Chile,9,79.4,2.143,Hispanic|,,,,,
CN,China,5,70.1,2.231,Sinophone|,,,,,
CX,Christmas Island,4,,1,PIF|,,,,,
CC,Cocos (Keeling) Islands,4,,1,PIF|,,,Sunni|,,Muslim
CO,Colombia,6,83.5,3.782,Comunidad Andina|,|CO|Venezuelan,Hispanic|,,,
KM,Comoros,3,86.1,2.6,Sunni|,,Arabic|,,,
CG,Congo,3,83,2.418,None|,,Francophonie|,,,
CK,Cook Islands,4,,1,PIF|,,,,,
CR,Costa Rica,6,79.7,2.326,Hispanic|,,,,,
HR,Croatia,9,70.2,3.64,EU|,,Serbo Croatian|,,,
CU,Cuba,2,60,1,Hispanic|,|CU|Cuban x2,,,,
CW,Curaçao,8,83.3,1,CC|,,Anglophone|,Papiamento|-Dutch|,,
CY,Cyprus,6,79.1,1.944,None|,,,,,
CZ,Czechia,9,77.6,2.537,EU|,,Czech|,,,
DK,Denmark,9,73.9,1.268,EU|,Nordic|,Anglophone|,,,
DJ,Djibouti,4,79.6,2.743,Sunni|,,Arabic|,,,
DM,Dominica,6,81.3,2.202,CC|,,Anglophone|,,,
DO,Dominican Republic,6,72.3,2.863,CC|,,Hispanic|,,,
CD,DR Congo,4,85.5,2.817,SADC|,,Francophonie|,Congolese|,,
EC,Ecuador,5,80.1,2.643,Comunidad Andina|,,Hispanic|,,,
EG,Egypt,5,79.3,17.252,Sunni|,|SA|Egyptian diaspora,Arabic|,,,
SV,El Salvador,7,81.2,2.683,Hispanic|,,,,,
GQ,Equatorial Guinea,2,86.4,3.029,Hispanic|,,,,,
ER,Eritrea,1,76.3,3.237,Sunni|,,Amharic|,,,Muslim
EE,Estonia,10,73.1,1.541,Nordic|,EU|,Estonian|,,,
SZ,Eswatini,3,73,3.412,SADC|,,Swazi|,,,
ET,Ethiopia,4,72.3,3.897,None|,,,,,
FK,Falkland Islands,3,,1,None|,,Anglophone|,,,
FO,Faroe Islands,4,,1,Nordic|,,,,,
FJ,Fiji,7,78.5,2.988,PIF|,,Anglophone|,,,
FI,Finland,10,74.4,1.36,Nordic|,EU|,Finnish|,,,
FR,France,9,70.2,1.549,EU|,,Francophonie|,,,
GF,French Guiana,7,,1,None|,,Francophonie|,,,
PF,French Polynesia,7,,1,PIF|,,Francophonie|,,,
GA,Gabon,3,79.7,2.736,None|,,Francophonie|,,,
GM,Gambia,4,85.7,4.257,ECOWAS|,Sunni|,,,,Muslim
GE,Georgia,7,81.7,4.424,None|,,Georgian|-Russian|,,,
DE,Germany,8,78.8,1.435,EU|,Loves Mallorca x2|,German|,,,
GH,Ghana,6,75.3,3.748,ECOWAS|,,Anglophone|,,,
GI,Gibraltar,4,65,1,None|,,Anglophone|,,,
GR,Greece,8,68.2,2.197,EU|,,Greek|,,,
GL,Greenland,3,,1,Nordic|,,,,,
GD,Grenada,4,81.3,2.096,CC|,,Anglophone|,,,
GP,Guadeloupe,7,,1,CC|,,Francophonie|,,,
GU,Guam,7,,1,PIF|,,Anglophone|,,,
GT,Guatemala,6,65,2.812,Hispanic|,,,,,
GG,Guernsey,4,,1,None|,,Anglophone|,,,
GN,Guinea,2,81.6,2.853,Sunni|,,Francophonie|,,,Muslim
GW,Guinea-Bissau,2,78,4.008,None|,,Lusophone|,,,
GY,Guyana,4,76.9,5.021,CC|,,Anglophone|,,,
HT,Haiti,2,79.9,1.739,CC|,,Francophonie|,,,
HN,Honduras,5,,2.442,Hispanic|,,,,,
HK,Hong Kong,10,73.8,1.468,ASEAN|,,Sinophone|,Anglophone|,,
HU,Hungary,8,68,2.92,EU|,,Hungarian|,,,
IS,Iceland,10,64.6,1.089,Nordic|,,Anglophone|,,,
IN,India,4,82.3,4.884,SASEC|,|AU|Indian-|US|Indian-|GB|Indian-|NZ|Indian,,Sunni|,,Muslim
ID,Indonesia,5,78.2,1.531,ASEAN|,|TW|Indonesian-|KA|Indonesian-|SA|Indonesian-|MY|Indonesian,Malay|,Sunni|,,Muslim
IR,Iran,1,79.2,4.362,Shia|,,Farsi|,,,
IQ,Iraq,2,71,2.57,Sunni|,,Arabic|,,,
IE,Ireland,10,80,1.284,EU|,,Anglophone|,,,
IM,Isle of Man,5,85,1,None|,,Anglophone|,,,
IL,Israel,5,74.7,1.019,None|,,Jewish|,,,
IT,Italy,8,67.2,1.763,EU|,,Italian|,,,
CI,Ivory Coast,3,,3.243,ECOWAS|,,Francophonie|,,,
JM,Jamaica,7,82.2,2.109,CC|,,Anglophone|,,,
JP,Japan,7,64.7,1.344,Japanese|,,,,,
JE,Jersey,4,,1,None|,,Anglophone|,,,
JO,Jordan,5,76.7,2.64,Sunni|,,Arabic|,,,
KZ,Kazakhstan,6,77.6,4.057,CIS|,,Kazakh|,Russian|-Sunni|,,Muslim
KE,Kenya,7,82.6,5.691,EAC|,,Swahili|,Anglophone|,,
KI,Kiribati,3,,2.216,PIF|,,,,,
XK,Kosovo,5,,2.753,None|,Sunni|,,,,
KW,Kuwait,5,86.2,1.248,Sunni|,,Arabic|,,,
KG,Kyrgyzstan,5,75.2,4.916,CIS|,,Kyrgyz|,Sunni|,,Muslim
LA,Laos,4,88.3,4.924,ASEAN|,,Lao|,,,
LV,Latvia,9,80.5,2.817,EU|,,Latvian|,,,
LB,Lebanon,4,80.2,2.849,Sunni|,Shia|,Arabic|,,,
LS,Lesotho,5,88.8,3.459,SADC|,,Sesotho|,,,
LR,Liberia,3,80.6,2.654,ECOWAS|,,Anglophone|,,,
LY,Libya,2,76,2.619,Sunni|,,Arabic|,,,
LT,Lithuania,10,72,2.759,EU|,,Lithuanian|,,,
LU,Luxembourg,9,66.3,1.169,EU|,,Francophonie|,,,
MC,Monaco,2,,2.1,EU|,,Francophonie|,Anglophone|,,
MO,Macau,8,85,2.218,None|,,Sinophone|,,,
MG,Madagascar,3,82.1,3.99,SADC|,,Malagasy|,,,
MW,Malawi,4,84.5,2.658,SADC|,,,,,
MY,Malaysia,8,83,3.661,ASEAN|,|MY|Indonesian,Malay|,Sinophone|,,Muslim
MV,Maldives,4,80.8,3.054,SASEC|,,,,,Muslim
ML,Mali,2,80,3.514,None|,,Bambara|,Sunni|,,Muslim
MT,Malta,7,61.1,2.222,EU|,,Maltese|,Anglophone|,,
MH,Marshall Islands,4,,1.074,PIF|,,Anglophone|,,,
MQ,Martinique,4,,1,CC|,,Francophonie|,,,
MR,Mauritania,3,75.8,4.14,None|,,Arabic|,Francophonie|-Sunni|,,Muslim
MU,Mauritius,9,71.6,3.311,SADC|,,Francophonie|,,,
YT,Mayotte,4,,1,None|,Sunni|,Francophonie|,,,Muslim
MX,Mexico,6,80.4,2.532,NAFTA|,Hispanic|,,,,
FM,Micronesia,4,,1.308,PIF|,,Anglophone|,,,
MD,Moldova,7,69.1,3.484,None|,,Russian|,,,
MN,Mongolia,5,74.2,3.825,None|,,Mongolian|,,,
ME,Montenegro,6,68.1,3.331,None|,,Serbo Croatian|,,,
MS,Montserrat,6,,1,CC|,,Anglophone|,,,
MA,Morocco,6,82.4,3.225,Sunni|,|NL|Moroccan-|FR|Moroccan,Arabic|,,,
MZ,Mozambique,4,75,3.204,SADC|,,Lusophone|,,,
MM,Myanmar,1,68,4.64,ASEAN|,SASEC|,Burmese|,,,
NA,Namibia,5,86.8,2.425,SADC|,,German|,,,
NR,Nauru,4,,0.905,PIF|,,,,,
NP,Nepal,6,78.8,3.702,SASEC|,|QA|Nepalese-|IN|Nepalese-|MY|Nepalese,,,,
NL,Netherlands,9,75,1.462,EU|,Loves Spain|,Dutch|,Anglophone|,,
NC,New Caledonia,5,,1,PIF|,,,,,
NZ,New Zealand,8,70,1.076,PIF|,,Anglophone|,,,
NI,Nicaragua,4,81.3,4.151,Hispanic|,,,,,
NE,Niger,2,73.8,3.562,None|,,Francophonie|,,,Muslim
NG,Nigeria,5,86,3.747,ECOWAS|,,Anglophone|,,,Muslim
NU,Niue,4,,1,PIF|,,,,,
NF,Norfolk Island,4,,1,PIF|,,,,,
KP,North Korea,0,89,1,Korean|,,,,,
MK,North Macedonia,6,,4.358,None|,,Macedonian|,,,
MP,Northern Mariana Islands,4,,1,PIF|,,Anglophone|,,,
NO,Norway,9,79.4,1.34,Nordic|,,Anglophone|,,,
OM,Oman,6,88,1.691,Sunni|,|OM|Kannada,Arabic|,,,
PK,Pakistan,3,74,3.769,Sunni|,,Urdu|,Anglophone|,,Muslim
PW,Palau,4,,1.471,PIF|,,Anglophone|,,,
PA,Panama,7,81.9,2.469,Hispanic|,,,,,
PG,Papua New Guinea,3,84.3,1.175,PIF|,,,,,
PY,Paraguay,6,81.5,2.819,Mercosur|,,Hispanic|,,,
PE,Peru,6,80,2.55,Comunidad Andina|,|ES|Peruvian-|MX|Peruvian-|PE|Venezuelan,Hispanic|,,,
PH,Philippines,5,87.3,4.906,ASEAN|,,Tagalog|,,,Catholic
PL,Poland,9,71.6,3.349,EU|,|FR|Polish-|UK|Polish-|DE|Polish-|BR|Polish,,,,
PT,Portugal,9,70.6,1.944,EU|,,Lusophone|,,,
PR,Puerto Rico,7,84,1.43,CC|,|US|Stateside Puerto Ricans,Hispanic|,Anglophone|,,
QA,Qatar,8,58.6,1.355,Sunni|,|QA|Nepalese,Arabic|,,,
RE,Réunion,4,,1,None|,,Francophonie|,,,
RO,Romania,6,69.6,7.9,EU|,,Romanian|,Russian|,,
RU,Russia,3,88.2,5.088,CIS|,,Russian|,,,
RW,Rwanda,6,81.8,4.117,EAC|,,Rwanda Rundi|,,,
BL,Saint Barthélemy,6,89,1,CC|,,Francophonie|,,,
SH,Saint Helena,4,,1,None|,,Anglophone|,,,
KN,Saint Kitts and Nevis,6,80,1.741,CC|,,Anglophone|,,,
LC,Saint Lucia,6,81.3,2.076,CC|,,Anglophone|,,,
MF,Saint Martin,4,,1,CC|,,Francophonie|,,,
PM,Saint Pierre and Miquelon,4,,1,None|,,Francophonie|,,,
VC,Saint Vincent and the Grenadines,6,81.3,1.994,CC|,,Anglophone|,,,
WS,Samoa,7,77.7,1.956,PIF|,|US|Samoan-|CL|Samoan-|NZ|Samoan-|AU|Samoan,Anglophone|,,,
ST,São Tomé and Príncipe,2,,2.678,None|,,Lusophone|,,,
SA,Saudi Arabia,5,86.4,2.167,Sunni|,,Arabic|,,,
SN,Senegal,7,79.7,3.425,ECOWAS|,Sunni|,Francophonie|,,,Muslim
RS,Serbia,6,71.3,2.624,None|,,Serbo Croatian|,,,
SC,Seychelles,6,76,3.251,SADC|,,Francophonie|,,,
SL,Sierra Leone,3,73.2,7.679,ECOWAS|,,Anglophone|,,,Muslim
SG,Singapore,10,78.8,1.855,ASEAN|,,Malay|,Sinophone|-Anglophone|,,
SX,Sint Maarten,4,,1,CC|,,Anglophone|,,,
SK,Slovakia,8,50.5,2.276,EU|,,Slovakian|,,,
SI,Slovenia,9,65.2,2.045,EU|,,Slovenian|,,,
SB,Solomon Islands,5,81.4,1.22,PIF|,,,,,
SO,Somalia,1,,3.211,Sunni|,,Arabic|,,,
ZA,South Africa,7,88.6,2.244,SADC|,,Anglophone|,,,
KR,South Korea,9,68.2,1.901,Korean|,|UZ|Korean,Korean Vacay x2|,,,
SS,South Sudan,1,85,1.03,EAC|,,,,,
ES,Spain,8,69.1,1.841,EU|,Loves Spain|,Hispanic|,,,
LK,Sri Lanka,3,77,4.31,SASEC|,,,,,
SD,Sudan,1,79,2.451,Sunni|,,Arabic|,,,
SR,Suriname,3,88.6,3.773,CC|,|SR|Indonesian,Dutch|,Anglophone|,,
SE,Sweden,9,88.1,1.773,Nordic|,EU|-Loves Phuket x2|,Swedish|,,,
CH,Switzerland,9,77.2,1.149,None|,,German|,,,
SY,Syria,1,77.8,6.923,Sunni|,,Arabic|,,,
TW,Taiwan,10,70.7,2.555,None|,,Sinophone|,,,
TJ,Tajikistan,4,72.8,5.493,CIS|,Sunni|,Tajik|-Russian|,,,Muslim
TZ,Tanzania,4,74.4,3.953,EAC|,,Swahili|,,,
TH,Thailand,8,77.1,3.458,ASEAN|,,Thai|,,,
TL,Timor-Leste,3,62.7,2.036,None|,,Malay|,Lusophone|,,Catholic
TG,Togo,3,81.5,3.651,ECOWAS|,,Francophonie|,,,
TO,Tonga,6,77.7,1.844,PIF|,,,,,
TT,Trinidad and Tobago,6,75.7,1.849,CC|,,Anglophone|,,,
TN,Tunisia,6,78,3.928,Sunni|,,Arabic|,Francophonie|,,
TR,Turkey,8,80.1,4.386,Sunni|,,Turkish|,,,
TM,Turkmenistan,6,70.5,3.147,None|,Sunni|,Turkmen|,,,Muslim
TC,Turks and Caicos Islands,5,,1,CC|,,Anglophone|,,,
TV,Tuvalu,6,,1.241,PIF|,,,,,
UG,Uganda,4,82.8,3.784,EAC|,,Swahili|,Anglophone|,,
UA,Ukraine,5,83.4,5.986,None|,|US|Ukrainian,Ukrainian|-Russian|,,,
AE,United Arab Emirates,9,88.5,1.527,Sunni|,|AE|Tamil-|AE|Kannada-|AE|Bangladeshi,Arabic|,Anglophone|-Tagalog|,,
GB,United Kingdom,10,70.6,1.562,Anglophone|,British Sunny Vacay x2|,,,,
US,United States,7,85,1.354,NAFTA|,Anglophone|,,,,
UY,Uruguay,6,77.4,1.732,Mercosur|,,Hispanic|,,,
UZ,Uzbekistan,6,85,5.143,CIS|,Sunni|,Uzbek|-Russian|,|UZ|Korean,,Muslim
VU,Vanuatu,6,81.4,0.891,PIF|,,,,,
VE,Venezuela,1,77.8,2.419,Hispanic|,|CL|Venezuelan-|CO|Venezuelan-|PE|Venezuelan,,,,
VN,Vietnam,6,79.7,6.091,ASEAN|,|JP|Vietnamese,Vietnamese|,,,
VG,Virgin Islands (British),6,84,1,CC|,,Anglophone|,,,
VI,Virgin Islands (U.S.),6,84,1,CC|,,Anglophone|,,,
WF,Wallis and Futuna,4,,1,PIF|,,Francophonie|,,,
EH,Western Sahara,3,,1,Sunni|,,Tigrinya|,,,Muslim
YE,Yemen,2,88.3,3.103,Sunni|,,Arabic|,,,
ZM,Zambia,6,88.6,3.067,SADC|,,,,,
ZW,Zimbabwe,3,79.7,3.197,SADC|,,Anglophone|,,,
